{
  "id": "Charybdis",
  "name": "Charybdis",
  "layouts": {
    "default_transform": {
      "name": "default_transform",
      "layout": [
        { "row": 0, "col":  0, "x":     0, "y": 0.375 },
        { "row": 0, "col":  1, "x":     1, "y": 0.375 },
        { "row": 0, "col":  2, "x":     2, "y": 0.125 },
        { "row": 0, "col":  3, "x":     3, "y":     0 },
        { "row": 0, "col":  4, "x":     4, "y": 0.125 },
        { "row": 0, "col":  5, "x":     5, "y":  0.25 },
        { "row": 0, "col":  7, "x":     9, "y":  0.25 },
        { "row": 0, "col":  8, "x":    10, "y": 0.125 },
        { "row": 0, "col":  9, "x":    11, "y":     0 },
        { "row": 0, "col": 10, "x":    12, "y": 0.125 },
        { "row": 0, "col": 11, "x":    13, "y": 0.375 },
        { "row": 0, "col": 12, "x":    14, "y": 0.375 },
      
        { "row": 1, "col":  0, "x":     0, "y": 1.375 },
        { "row": 1, "col":  1, "x":     1, "y": 1.375 },
        { "row": 1, "col":  2, "x":     2, "y": 1.125 },
        { "row": 1, "col":  3, "x":     3, "y":     1 },
        { "row": 1, "col":  4, "x":     4, "y": 1.125 },
        { "row": 1, "col":  5, "x":     5, "y":  1.25 },
        { "row": 1, "col":  7, "x":     9, "y":  1.25 },
        { "row": 1, "col":  8, "x":    10, "y": 1.125 },
        { "row": 1, "col":  9, "x":    11, "y":     1 },
        { "row": 1, "col": 10, "x":    12, "y": 1.125 },
        { "row": 1, "col": 11, "x":    13, "y": 1.375 },
        { "row": 1, "col": 12, "x":    14, "y": 1.375 },
      
        { "row": 2, "col":  0, "x":     0, "y": 2.375 },
        { "row": 2, "col":  1, "x":     1, "y": 2.375 },
        { "row": 2, "col":  2, "x":     2, "y": 2.125 },
        { "row": 2, "col":  3, "x":     3, "y":     2 },
        { "row": 2, "col":  4, "x":     4, "y": 2.125 },
        { "row": 2, "col":  5, "x":     5, "y":  2.25 },
        { "row": 2, "col":  7, "x":     9, "y":  2.25 },
        { "row": 2, "col":  8, "x":    10, "y": 2.125 },
        { "row": 2, "col":  9, "x":    11, "y":     2 },
        { "row": 2, "col": 10, "x":    12, "y": 2.125 },
        { "row": 2, "col": 11, "x":    13, "y": 2.375 },
        { "row": 2, "col": 12, "x":    14, "y": 2.375 },

        { "row": 3, "col":  0, "x":     0, "y": 3.375 },
        { "row": 3, "col":  1, "x":     1, "y": 3.375 },
        { "row": 3, "col":  2, "x":     2, "y": 3.125 },
        { "row": 3, "col":  3, "x":     3, "y":     3 },
        { "row": 3, "col":  4, "x":     4, "y": 3.125 },
        { "row": 3, "col":  5, "x":     5, "y":  3.25 },
        { "row": 3, "col":  7, "x":     9, "y":  3.25 },
        { "row": 3, "col":  8, "x":    10, "y": 3.125 },
        { "row": 3, "col":  9, "x":    11, "y":     3 },
        { "row": 3, "col": 10, "x":    12, "y": 3.125 },
        { "row": 3, "col": 11, "x":    13, "y": 3.375 },
        { "row": 3, "col": 12, "x":    14, "y": 3.375 },
      
        { "row": 4, "col":  3, "x":  3.55, "y": 4.175, "r":  12 },
        { "row": 4, "col":  4, "x":  2.98, "y": 4.525, "r":  30, "rx":  3.98, "ry": 7.895},
        { "row": 4, "col":  5, "x":  3.98, "y": 4.525, "r":  30, "rx":  3.98, "ry": 7.895},
        { "row": 4, "col":  7, "x": 10.52, "y": 4.525, "r": -30, "rx": 11.02, "ry": 7.895},
        { "row": 4, "col":  8, "x": 11.07, "y": 4.475, "r": -20, "rx": 11.02, "ry": 7.895},
        { "row": 5, "col":  4, "x":  2.98, "y": 5.525, "r":  30, "rx":  3.98, "ry": 7.895},
        { "row": 5, "col":  5, "x":  3.98, "y": 5.525, "r":  30, "rx":  3.98, "ry": 7.895},
        { "row": 5, "col":  7, "x": 10.52, "y": 5.525, "r": -30, "rx": 11.02, "ry": 7.895}
      ]
    }, 
    "charybdis_6col_layout": {
      "name": "charybdis_6col_layout",
      "layout": [
        { "row": 0, "col":  0, "x":     0, "y": 0.375 },
        { "row": 0, "col":  1, "x":     1, "y": 0.375 },
        { "row": 0, "col":  2, "x":     2, "y": 0.125 },
        { "row": 0, "col":  3, "x":     3, "y":     0 },
        { "row": 0, "col":  4, "x":     4, "y": 0.125 },
        { "row": 0, "col":  5, "x":     5, "y":  0.25 },
        { "row": 0, "col":  7, "x":     9, "y":  0.25 },
        { "row": 0, "col":  8, "x":    10, "y": 0.125 },
        { "row": 0, "col":  9, "x":    11, "y":     0 },
        { "row": 0, "col": 10, "x":    12, "y": 0.125 },
        { "row": 0, "col": 11, "x":    13, "y": 0.375 },
        { "row": 0, "col": 12, "x":    14, "y": 0.375 },
      
        { "row": 1, "col":  0, "x":     0, "y": 1.375 },
        { "row": 1, "col":  1, "x":     1, "y": 1.375 },
        { "row": 1, "col":  2, "x":     2, "y": 1.125 },
        { "row": 1, "col":  3, "x":     3, "y":     1 },
        { "row": 1, "col":  4, "x":     4, "y": 1.125 },
        { "row": 1, "col":  5, "x":     5, "y":  1.25 },
        { "row": 1, "col":  7, "x":     9, "y":  1.25 },
        { "row": 1, "col":  8, "x":    10, "y": 1.125 },
        { "row": 1, "col":  9, "x":    11, "y":     1 },
        { "row": 1, "col": 10, "x":    12, "y": 1.125 },
        { "row": 1, "col": 11, "x":    13, "y": 1.375 },
        { "row": 1, "col": 12, "x":    14, "y": 1.375 },
      
        { "row": 2, "col":  0, "x":     0, "y": 2.375 },
        { "row": 2, "col":  1, "x":     1, "y": 2.375 },
        { "row": 2, "col":  2, "x":     2, "y": 2.125 },
        { "row": 2, "col":  3, "x":     3, "y":     2 },
        { "row": 2, "col":  4, "x":     4, "y": 2.125 },
        { "row": 2, "col":  5, "x":     5, "y":  2.25 },
        { "row": 2, "col":  7, "x":     9, "y":  2.25 },
        { "row": 2, "col":  8, "x":    10, "y": 2.125 },
        { "row": 2, "col":  9, "x":    11, "y":     2 },
        { "row": 2, "col": 10, "x":    12, "y": 2.125 },
        { "row": 2, "col": 11, "x":    13, "y": 2.375 },
        { "row": 2, "col": 12, "x":    14, "y": 2.375 },

        { "row": 3, "col":  0, "x":     0, "y": 3.375 },
        { "row": 3, "col":  1, "x":     1, "y": 3.375 },
        { "row": 3, "col":  2, "x":     2, "y": 3.125 },
        { "row": 3, "col":  3, "x":     3, "y":     3 },
        { "row": 3, "col":  4, "x":     4, "y": 3.125 },
        { "row": 3, "col":  5, "x":     5, "y":  3.25 },
        { "row": 3, "col":  7, "x":     9, "y":  3.25 },
        { "row": 3, "col":  8, "x":    10, "y": 3.125 },
        { "row": 3, "col":  9, "x":    11, "y":     3 },
        { "row": 3, "col": 10, "x":    12, "y": 3.125 },
        { "row": 3, "col": 11, "x":    13, "y": 3.375 },
        { "row": 3, "col": 12, "x":    14, "y": 3.375 },
      
        { "row": 4, "col":  3, "x":  3.55, "y": 4.175, "r":  12 },
        { "row": 4, "col":  4, "x":  2.98, "y": 4.525, "r":  30, "rx":  3.98, "ry": 7.895},
        { "row": 4, "col":  5, "x":  3.98, "y": 4.525, "r":  30, "rx":  3.98, "ry": 7.895},
        { "row": 4, "col":  7, "x": 10.52, "y": 4.525, "r": -30, "rx": 11.02, "ry": 7.895},
        { "row": 4, "col":  8, "x": 11.07, "y": 4.475, "r": -20, "rx": 11.02, "ry": 7.895},
        { "row": 5, "col":  4, "x":  2.98, "y": 5.525, "r":  30, "rx":  3.98, "ry": 7.895},
        { "row": 5, "col":  5, "x":  3.98, "y": 5.525, "r":  30, "rx":  3.98, "ry": 7.895},
        { "row": 5, "col":  7, "x": 10.52, "y": 5.525, "r": -30, "rx": 11.02, "ry": 7.895}
      ]
    }
  },
  "sensors": []
}


